{
  
  "variables": {
    "ami-name": "sam2",
    "aws_access_key": "AKIAS2NW73A6OUVQO34M",
    "aws_secret_key": "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"
  },

  "builders": [
    {
      "ami_name": "{{user `ami-name`}}",
      "ami_regions": [
        "us-east-1"
      ],
      "ena_support": "true",
      "instance_type": "t3.micro",
      "region": "us-east-1",
     
     
      "source_ami_filter": {
        "filters": {
          "name": "ubuntu/images/*ubuntu-bionic-18.04-amd64-server-*",
          "root-device-type": "ebs",
          "virtualization-type": "hvm"
        },
        "most_recent": true,
        "owners": [
          "099720109477"
        ]
      },
      "ssh_username": "ubuntu",
      "tags": {
        "Name": "{{user `ami-name`}}"
      },
      "type": "amazon-ebs"
    }
  ],
    "provisioners": [{
      "type": "file",
      "source": "./jenkins-setup",
      "destination": "/tmp"
    },
    {
      "type": "shell",
      "inline": "ls -lh /tmp/jenkins-setup/files"
    },
    {
      "type": "shell",
      "inline": "ls /home"
    },
    {
      "type": "shell",
      "script": "./jenkins-setup/install.sh",
      "pause_before": "10s"
    },
    {
      "type": "shell",
      "inline": [
        "echo 'cleanup'",
        "sudo rm -rf /tmp/*"
      ]
    }
  ]
}
